
[
    {
        "name": "Spaghetti",
        "ingredients": "relatief veel",

        "preparation":"Pel de uien en snipper ze in kleine stukjes. Halveer ze eerst, maak in elke halve ui een paar horizontale insnijdingen en snij ze vervolgens in kleine snippers. Zet een grote en ovenvaste stoofpot (bv. van gietijzer) op een stevig vuur. Verhit er een scheutje olijfolie in. Zet het vuur lager en stoof er de stukjes ui in. Roer regelmatig en laat ze niet bakken! Spoel de selderstengels en verwijder het loof. Snij dikke stengels overlangs in twee. Snipper ze vervolgens in zeer kleine stukjes. Laat de fijne brokjes selder meestoven met de uien. Spoel de dikke wortelen en schil ze met een dunschiller. Snij ze overlangs in dikke repen en vervolgens in kleine blokjes. Laat ook de stukjes wortel meestoven. Roer regelmatig even in de pot met fijne groenten. Pel de (dikke) teen look, snij in grove stukken en plet die vervolgens tot pulp. Spoel de verse kruiden en bind ze samen met een eindje keukentouw. Voeg het bouquet garni van tijm, rozemarijn, laurier en oregano toe aan de stoofpot. (TIP: Wie geen verse kruiden in huis heeft, kan ook gedroogde Provençaalse kruiden laten meestoven.) Laat de groenten 10 minuten stoven op een zacht vuur. Verhit een scheutje olijfolie in een ruime braadpan. Doe het gehakt in de pan en verdeel het in onregelmatige stukken over de bodem. Laat het vlees rustig bakken op een matig vuur, tot het een goudbruin korstje krijgt. Je hoeft er gedurende enkele minuten niet in te roeren. Neem een spatel en roer het gehakt nu voor de eerste keer om. De stukken vlees die te groot zijn, kan je nu ook wat verkleinen. Laat het gehakt nu nog een paar minuten bakken, tot het gaar is. Snij de dikke sneetjes pancetta eerst in reepjes van zo’n halve centimeter breedte. Zet er vervolgens opnieuw het mes in en tover het Italiaans spek om in zeer kleine blokjes. Roer de stukjes pancetta door de gestoofde groenten. Zet het vuur wat hoger en laat het Italiaans spek even meestoven. Hou de pot daarna weg van het vuur. Schep het gehakt met een spatel bij de gestoofde groenten met pancetta. Giet niet de hele inhoud van de pan in de pot, want het braadvet maakt de saus dan veel te vet. Hou de pan waarin je het vlees hebt gebakken opzij. Verwarm de oven voor op 120°C. Snij de champignons in kwarten en bak ze goudbruin in de braadpan met braadvet van het gehakt. Schep de paddenstoelen met een spatel in de stoofpot. Ook hier blijft het braadvet achter in de pan. Zet de stoofpot op een zacht vuur en schep er de geconcentreerde tomatenpuree in. Roer en laat de tomatenpuree even meestoven. Voeg naar smaak een beetje harissa toe. Dit is een zeer pikante Tunesische saus, te vinden in de supermarkt. Je kunt dit ook gerust weglaten. Schenk de rode wijn in de pot en roer tot de alcohol verdampt is. Voeg de tomatenstukjes uit blik toe, de passata en een scheutje water. Roer de saus, zet het deksel op de pot en zet de saus in de voorverwarmde oven van 120°C. (Drie uur geduld…) de spaghetti: Vul een ruime kookpot met water en breng het aan de kook. Voeg een flinke snuif zout toe aan het water. Kook de spaghetti al dente. Jeroen rekent daarvoor een kooktijd die 1 minuut korter is dan wat er op de verpakking vermeld staat. de afwerking: Haal de bolognaisesaus uit de oven. Ga even op zoek naar het uitgekookte kruidentuiltje en vis het uit de pot. Proef de saus en voeg naar smaak wat peper van de molen en een snuifje zout toe. Serveer dampend verse pasta met een flinke portie saus. Werk de borden af met gemalen kaas."        }


}/*,

    {

"name": "Spaghetti",
"ingredients": {
"ingredient":{
"ingredientname":"gehakt",
"ingredientvalue":"1",
"ingredientunit":"kg"
},
"ingredient":{
"ingredientname":"cavia",
"ingredientvalue":"4",
"ingredientunit":"kg"
},
"ingredient":{
"ingredientname":"gehakt",
"ingredientvalue":"3",
"ingredientunit":"hondjes"
},
"ingredient":{
"ingredientname":"gehakt",
"ingredientvalue":"1",
"ingredientunit":"kg"
}
},
"preparation":"Pel de uien en snipper ze in kleine stukjes. Halveer ze eerst, maak in elke halve ui een paar horizontale insnijdingen en snij ze vervolgens in kleine snippers. Zet een grote en ovenvaste stoofpot (bv. van gietijzer) op een stevig vuur. Verhit er een scheutje olijfolie in. Zet het vuur lager en stoof er de stukjes ui in. Roer regelmatig en laat ze niet bakken! Spoel de selderstengels en verwijder het loof. Snij dikke stengels overlangs in twee. Snipper ze vervolgens in zeer kleine stukjes. Laat de fijne brokjes selder meestoven met de uien. Spoel de dikke wortelen en schil ze met een dunschiller. Snij ze overlangs in dikke repen en vervolgens in kleine blokjes. Laat ook de stukjes wortel meestoven. Roer regelmatig even in de pot met fijne groenten. Pel de (dikke) teen look, snij in grove stukken en plet die vervolgens tot pulp. Spoel de verse kruiden en bind ze samen met een eindje keukentouw. Voeg het bouquet garni van tijm, rozemarijn, laurier en oregano toe aan de stoofpot. (TIP: Wie geen verse kruiden in huis heeft, kan ook gedroogde Provençaalse kruiden laten meestoven.) Laat de groenten 10 minuten stoven op een zacht vuur. Verhit een scheutje olijfolie in een ruime braadpan. Doe het gehakt in de pan en verdeel het in onregelmatige stukken over de bodem. Laat het vlees rustig bakken op een matig vuur, tot het een goudbruin korstje krijgt. Je hoeft er gedurende enkele minuten niet in te roeren. Neem een spatel en roer het gehakt nu voor de eerste keer om. De stukken vlees die te groot zijn, kan je nu ook wat verkleinen. Laat het gehakt nu nog een paar minuten bakken, tot het gaar is. Snij de dikke sneetjes pancetta eerst in reepjes van zo’n halve centimeter breedte. Zet er vervolgens opnieuw het mes in en tover het Italiaans spek om in zeer kleine blokjes. Roer de stukjes pancetta door de gestoofde groenten. Zet het vuur wat hoger en laat het Italiaans spek even meestoven. Hou de pot daarna weg van het vuur. Schep het gehakt met een spatel bij de gestoofde groenten met pancetta. Giet niet de hele inhoud van de pan in de pot, want het braadvet maakt de saus dan veel te vet. Hou de pan waarin je het vlees hebt gebakken opzij. Verwarm de oven voor op 120°C. Snij de champignons in kwarten en bak ze goudbruin in de braadpan met braadvet van het gehakt. Schep de paddenstoelen met een spatel in de stoofpot. Ook hier blijft het braadvet achter in de pan. Zet de stoofpot op een zacht vuur en schep er de geconcentreerde tomatenpuree in. Roer en laat de tomatenpuree even meestoven. Voeg naar smaak een beetje harissa toe. Dit is een zeer pikante Tunesische saus, te vinden in de supermarkt. Je kunt dit ook gerust weglaten. Schenk de rode wijn in de pot en roer tot de alcohol verdampt is. Voeg de tomatenstukjes uit blik toe, de passata en een scheutje water. Roer de saus, zet het deksel op de pot en zet de saus in de voorverwarmde oven van 120°C. (Drie uur geduld…) de spaghetti: Vul een ruime kookpot met water en breng het aan de kook. Voeg een flinke snuif zout toe aan het water. Kook de spaghetti al dente. Jeroen rekent daarvoor een kooktijd die 1 minuut korter is dan wat er op de verpakking vermeld staat. de afwerking: Haal de bolognaisesaus uit de oven. Ga even op zoek naar het uitgekookte kruidentuiltje en vis het uit de pot. Proef de saus en voeg naar smaak wat peper van de molen en een snuifje zout toe. Serveer dampend verse pasta met een flinke portie saus. Werk de borden af met gemalen kaas."        }

}  */
]







/*{
    "Spaghetti":
    {
        "ingredients":{

            "Gehakt": "1kg",
            "Dikke sneetjes pancette": "4",
            "Dikke uien": "2",
            "Teentje look": "1",
            "Stengel Sekder": "4",
            "Dikke Wortel": "2",
            "Parijse Champignons": "250g",
            "tomatenpuree (geconcentreerd)": "100g",
            "Tomatenstukjes (in blik)": "800g",
            "Pasata van tomaten": "30cl",
            "water": "20cl",
            "rode wijn": "10cl",
            "takjes rozemarijn": "2",
            "takjes tijm": "een paar",
            "verse oregano": "paar takjes",
            "blaadjes laurier": "paar blaadjes",
            "harissa": "een toefje",
            "olijfolie" : "een toefje",
            "Spaghetti pasta":"500g",
            "zout":"een beetje",
            "Zout": "naar smaak",
            "Peper" : "naar smaak",
            "gemalen kaas": "naar smaak"
        },
        "preparation":{
            "bereiding":
                "Pel de uien en snipper ze in kleine stukjes. Halveer ze eerst, maak in elke halve ui een paar horizontale insnijdingen en snij ze vervolgens in kleine snippers. Zet een grote en ovenvaste stoofpot (bv. van gietijzer) op een stevig vuur. Verhit er een scheutje olijfolie in. Zet het vuur lager en stoof er de stukjes ui in. Roer regelmatig en laat ze niet bakken! Spoel de selderstengels en verwijder het loof. Snij dikke stengels overlangs in twee. Snipper ze vervolgens in zeer kleine stukjes. Laat de fijne brokjes selder meestoven met de uien. Spoel de dikke wortelen en schil ze met een dunschiller. Snij ze overlangs in dikke repen en vervolgens in kleine blokjes. Laat ook de stukjes wortel meestoven. Roer regelmatig even in de pot met fijne groenten. Pel de (dikke) teen look, snij in grove stukken en plet die vervolgens tot pulp. Spoel de verse kruiden en bind ze samen met een eindje keukentouw. Voeg het bouquet garni van tijm, rozemarijn, laurier en oregano toe aan de stoofpot. (TIP: Wie geen verse kruiden in huis heeft, kan ook gedroogde Provençaalse kruiden laten meestoven.) Laat de groenten 10 minuten stoven op een zacht vuur. Verhit een scheutje olijfolie in een ruime braadpan. Doe het gehakt in de pan en verdeel het in onregelmatige stukken over de bodem. Laat het vlees rustig bakken op een matig vuur, tot het een goudbruin korstje krijgt. Je hoeft er gedurende enkele minuten niet in te roeren. Neem een spatel en roer het gehakt nu voor de eerste keer om. De stukken vlees die te groot zijn, kan je nu ook wat verkleinen. Laat het gehakt nu nog een paar minuten bakken, tot het gaar is. Snij de dikke sneetjes pancetta eerst in reepjes van zo’n halve centimeter breedte. Zet er vervolgens opnieuw het mes in en tover het Italiaans spek om in zeer kleine blokjes. Roer de stukjes pancetta door de gestoofde groenten. Zet het vuur wat hoger en laat het Italiaans spek even meestoven. Hou de pot daarna weg van het vuur. Schep het gehakt met een spatel bij de gestoofde groenten met pancetta. Giet niet de hele inhoud van de pan in de pot, want het braadvet maakt de saus dan veel te vet. Hou de pan waarin je het vlees hebt gebakken opzij. Verwarm de oven voor op 120°C. Snij de champignons in kwarten en bak ze goudbruin in de braadpan met braadvet van het gehakt. Schep de paddenstoelen met een spatel in de stoofpot. Ook hier blijft het braadvet achter in de pan. Zet de stoofpot op een zacht vuur en schep er de geconcentreerde tomatenpuree in. Roer en laat de tomatenpuree even meestoven. Voeg naar smaak een beetje harissa toe. Dit is een zeer pikante Tunesische saus, te vinden in de supermarkt. Je kunt dit ook gerust weglaten. Schenk de rode wijn in de pot en roer tot de alcohol verdampt is. Voeg de tomatenstukjes uit blik toe, de passata en een scheutje water. Roer de saus, zet het deksel op de pot en zet de saus in de voorverwarmde oven van 120°C. (Drie uur geduld…) de spaghetti: Vul een ruime kookpot met water en breng het aan de kook. Voeg een flinke snuif zout toe aan het water. Kook de spaghetti al dente. Jeroen rekent daarvoor een kooktijd die 1 minuut korter is dan wat er op de verpakking vermeld staat. de afwerking: Haal de bolognaisesaus uit de oven. Ga even op zoek naar het uitgekookte kruidentuiltje en vis het uit de pot. Proef de saus en voeg naar smaak wat peper van de molen en een snuifje zout toe. Serveer dampend verse pasta met een flinke portie saus. Werk de borden af met gemalen kaas."        }
    },
    "Lasagne":
    {
        "ingredients":{
            "ui": "0.5",
            "teentjes look": "3",
            "rundergehakt": "500 gram",
            "italiaanse kruiden (basilicum, oregano, majoraan, peterselie, paprikapoeder)": "" ,
            "laurierblaadje": "1",
            "kleine blikjes tomatenpuree": "3",
            "blikjes gepelde tomaten in stukjes": "1",
            "pakje gezeefde tomaten": "1",
            "pak voorgekookte lasagnevellen": "1",
            "bolletjes mozarella": "2",
            "boter": "50 gram",
            "bloem": "50 gram",
            "koude melk": "0.5 liter",
            "geraspte kaas": "50 gram",
            "suiker,peper en zout": ""

        },
        "preparation":{
            "bereiding":
                "Voor de bolognesesaus: De ui snipperen en in een grote koekenpan met wat olijfolie fruiten, halverwege de fijngesneden knoflook toevoegen. In de kleine braadpan de tomatenpuree hard verwarmen (blijf roeren, anders brandt ze aan),tot deze niet zurig meer ruikt. Het ui/knoflook/olie mengsel toevoegen. In de grote koekenpan weer wat olijfolie verwarmen en het gehakt met de kruiden, zout en peper rul bakken. Toevoegen aan het tomatenpureemengsel, gepelde tomaten en gezeefde tomaten toevoegen en op smaak brengen met suiker en evt. nog wat kruiden en een laurierblaadje toevoegen. 1/2 uur a 3 kwartier op laag vuur laten sudderen met deksel op de pan, af en toe roeren. Ondertussen de oven voorverwarmen op 180 gr. C. Voor de bechamelsaus: De boter smelten (niet bruin laten worden), bloem erdoor roeren en verwarmen (schrik niet; het wordt een soort klont, maar dat komt goed!). Daarna beetje bij beetje de koude melk met een garde erdoor roeren. Laten koken en blijven roeren tot je een dikke saus hebt. Op smaak brengen met zout en peper. In een ingevette ovenschaal 1 laag lasagnevellen leggen. Vervolgens bedekken met 1/3 van de bechamelsaus, 1/3 van de bolognesesaus en 1 in plakjes gesneden bolletje mozzarella of 4 plakken kaas. Nu weer herhalen met een laag lasagnevellen, saus en kaas, vervolgens nog zo'n laag maar dan met flink wat geraspte kaas. 45 minuten in de oven doen. Als de kaaskorst goudbruin is en hard, is het klaar."
        }
    },

    "Sushi":
    {
        "ingredients":{
            "Rijst": "150g",
            "Suiker": "3 eetlepel",
            "Chinese Azijn": "3 eetlepels",
            "Zout": "snuifje" ,
            "gember": "2 eetlepel",
            "komkommer": "1/2",
            "koriander": "handjevol",
            "avocado": "1",
            "tonijn": "225g",
            "nuriblad": "4"

        },
        "preparation":{
            "bereiding":
                "In een middelgrote sauspan 325 ml water aan de kook brengen. Vuur laag zetten en in 20 minuten de rijst afgedekt laten koken. In een kleine kom rijstazijn, suiker en zout mengen. Roer dit door de rijst. De oven voorverwarmen op 150°C/gasstand 2. Op een middelgrote bakplaat de algenbladen 1-2 minuten opwarmen. Een vel in het midden van een bamboe sushimatje leggen. Handen vochtig maken, een dun laagje rijst over het vel verspreiden en dit met de hand aandrukken. 1/4 van de komkommer, gember, avocado en vis naar keuze in een diagonaal door het midden van de rijst. Het uiteinde van de mat optillen en voorzichtig over de ingrediënten rollen. Zachtjes aandrukken. Verder rollen tot een complete rol. Herhalen met de resterende ingrediënten. Elke rol met een nat, scherp mes in 4-6 plakken snijden. Direct serveren."
        }
    } ,
    "Griekse Salade":
    {
        "ingredients":{
            "pruimtomaten": "4",
            "komkommers": "2",
            "kleine rode ui": "1",
            "kalamata-olijven": "75 gram",
            "feta": "150 gram",
            "olijfolie": "2 eetlepel",
            "citroensap": "2 eetlepel",
            "oregano": "2 eetlepel"

        },
        "preparation":{
            "bereiding":
                " Meng de tomaten, komkommer, ui, olijven en feta in een grote kom. Doe de olijfolie, het citroensap en de oregano in een afsluitbare pot en schud krachtig. Druppel de dressing over de salade."
        }
    }  ,
    "Pannenkoeken":
    {
        "ingredients":{
            "Bloem": "125g",
            "Eieren": "2",
            "Melk": "25cl",
            "Suiker": "naar smaak"

        },
        "preparation":{
            "bereiding":
                ". Meng de bloem, eitjes in een kom. Voeg de suiker toe en meng alles door elkaar. 2. Voeg rustig de melk toe en blijf het geheel opkloppen tot je een vloeibare maar glad geheel krijgt. TIP! Gebruik zelfrijzende bloem en laat het beslag een uurtje rusten voor je begint te bakken. Op deze manier krijg je een luchtigere pannenkoek. 3. Laat een pan met een klontje boter goed heet worden en giet er beslag in voor 1 pannenkoek. 4. Draai de pannenkoek eens de luchtbelletjes bovenaan opdrogen en openspringen. TIP! Zorg ervoor dat de pan heet genoeg is anders blijft de pannenkoek kleven en kan je deze niet draaien. "
        }
    }  ,
    "Hutsepot":
    {
        "ingredients":{
            "spruitjes": "750g",
            "uien": "3",
            "Rookworst": "1",
            "kippenbouillon": "60 cl"  ,
            "tijm": "4 takjes",
            "laurier": "4 takjes",
            "boter": "flinke klont",
            "nootmuskaat": "naar smaak"  ,
            "peper": "naar smaak",
            "zout": "naar smaak",
            "aardappelen": "800g"

        },
        "preparation":{
            "bereiding":
                "Zet een ruime stoofpot op een matig vuur en laat hierin een flinke klont boter smelten. Pel de uien, snij ze middendoor en versnipper ze. De stukjes ui moeten niet zo fijn gesneden zijn. Stoof de stukjes ui in de gesmolten boter tot ze glazig zijn. Controleer of de spuitjes goed schoongemaakt zijn. Spoel ze even onder stromend water en snij elke spruit vervolgens in kwartjes. (De duurdere handgeplukte spruitjes zijn bij aankoop meestal al wat zorgvuldiger schoongemaakt.) Zodra de uien enkele minuten gestoofd hebben, voeg je er de kwartjes spruit aan toe. Het is niet nodig om de spruiten vooraf te koken, omdat we zo veel mogelijk smaak willen overhouden voor de hutsepot. Schil de aardappels en roer intussen regelmatig in de pot met spruitjes. Let erop dat ze niet aanbakken. Snij de aardappels in grove stukken, en voeg ze toe aan de pot met spruitjes. Het zetmeel van de aardappels zal voor een mooie binding zorgen. Bevochtig het groentemengsel met (verse gezeefde) kippenbouillon. Bind de takjes tijm samen met enkele blaadjes laurier. Ze vormen het bouquet garni dat voor extra smaak zal zorgen. Als je verse laurier i.p.v. gedroogde laurier verkiest, dan mag je er iets meer van gebruiken. Leg het kruidentuiltje in de pot, en laat het z’n werk doen. Snij de rookworst in hapklare stukjes of schijfjes. Voeg het vlees toe aan de hutsepot en zet het deksel op de pot. Laat alles zo’n 20 minuten stoven op een zacht vuur. Een hutsepot mag niet geprakt worden zoals een stoemp. Alles regelmatig eens flink door mekaar schudden (‘hutsen’) zal voor het perfecte resultaat zorgen. Proef de hutsepot en kruid naar smaak met vers geraspte nootmuskaat, zwarte peper van de molen en wat zout. Serveer de dampende hutsepot in een diep bord. Met een lepel erbij smaakt deze winterse boerenkost extra authentiek."
        }
    } ,
    "Vol au Vent":
    {
        "ingredients":{
            "Gehakt": "250g",
            "Boter": "60 g",
            "Bloem": "80g",
            "Ei": "1"  ,
            "Broodkruim": "1 eetlepel",
            "look": "1 teentje",
            "kippenbouillon": "1 1/2 l",
            "room": "15cl"  ,
            "madeirawijn": "1 scheutje",
            "citroensap": "60 g",
            "zout": "80g",
            "Parijse Champignons": "250 g"

        },
        "preparation":{
            "bereiding":
                "Meng het gehakt, samen met een ei en het broodkruim. Kruid met wat peper van de molen en zout. Rol het gehaktmengsel tot kleine balletjes. Laat de balletjes enkele minuten garen in de gezeefde bouillon op een matig vuur. (Je kan de balletjes ook even aanbakken in de pan.) Snij de paddenstoelen in kwartjes. Smelt een klont boter in een pan en bak de stukjes paddenstoel in de hete boter. Voeg tijdens het bakken een geplet teentje knoflook toe (zodat de look niet kan verbranden.) Laat de champignons even aankleuren en zet opzij. Pluk al het vlees van het karkas van de kip. Zorg ervoor dat de stukjes kip fijn genoeg zijn. Zet even opzij. Start de bereiding van de saus met een roux. Smelt de boter in een kookpot en voeg de bloem eraan toe. Laat het bloemmengsel al roerend “opdrogen”, maar let erop dat de roux niet aanbakt. Zodra je een lichte biscuitgeur ruikt, schenk je een deel van de kippenbouillon in de pot. Blijf geduldig doorroeren met een garde om klontertjes te vermijden. Schenk af en toe wat bouillon bij. Na voldoende lang roeren, bekom je een gebonden maar voldoende lopende saus. Voeg ten slotte een scheutje madeirawijn (of sherry) toe en ook de room. Roer de saus goed om. Voeg de gebakken paddenstoelen, de stukjes kip en de gehaktballetjes toe aan de saus. Druppel wat vers citroensap in het mengsel en kruid naar smaak met wat peper en zout. Meng alles. Tip: Een klein beetje citroensap in de saus, zorgt voor een subtiele frisse toets.Snij het dekseltje uit het bladerdeeggebakje, en schep een flinke lepel van de vulling in en rond het koekje. Werk elk bord af met een toefje tuinkers. Serveer de vol-au-vent naar keuze met frietjes of puree."
        }
    },
    "Stoofvlees":
    {
        "ingredients":{
            "Rundvlees": "1kg",
            "Grote uien": "2",
            "Bruin bier": "1flesje",
            "Loons of Luikse Stroop": "2 eetlepel",
            "Tijm": "paar takjes"  ,
            "kruidnagel": "1",
            "laurier": "2 blaadjes",
            "bruine boterham": "1",
            "scherpe mosterd": "2 eetlepel"  ,
            "natuurazijn": "1 scheutje",
            "boter": "klontje",
            "zout": "naar smaak",
            "peper van de molen": "naar smaak"

        },
        "preparation":{
            "bereiding":
                "Pel de uien en snipper ze in niet al te fijne stukjes. Verhit een ruime stoofpot en smelt er een klontje boter in. Stoof daarin de uien op een matig vuur. Laat de uien niet bruin bakken. Verhit een braadpan op een matig vuur en smelt er een klontje boter in. Schroei de stukken vlees in de braadpan tot ze een goudbruin kleurtje hebben. Kruid het vlees tijdens het bakken met wat peper van de molen en een snuifje zout. Tip: Een grote hoeveelheid vlees bak je het best in meerdere beurten. Als je braadpan te vol ligt, wordt het vlees gekookt i.p.v. gebakken. Doe de stukjes vlees in de stoofpot met uien. Hou de braadpan met aanbaksels bij en schenk daarin het bier. Roer alle aanbaksels van het vlees los terwijl het bier aan de kook gebracht wordt (deglaceren). Tip: Gebruik gerust een beetje meer bier dan aangegeven. Zodra het bier kookt, giet je het in de stoofpot. Bind enkele blaadjes laurier en een paar takjes verse tijm samen met een eindje keukentouw. Laat het kruidentuiltje meestoven in de pot. Voeg de kruidnagel toe en de Loonse (of Luikse) appel-perenstroop. Besmeer het bruin brood royaal met (scherpe) mosterd. Leg de boterham in de pot, met de besmeerde zijde naar onder. Laat het stoofvlees anderhalf tot drie uur lang sudderen op een zacht vuur. Het deksel hoeft niet op de pot. De kooktijd is afhankelijk van de kwaliteit van het vlees. Roer af en toe eens in de pot en controleer tussendoor of het vlees voldoende gaar is. Pas zodra de stoofvleessaus de gewenste dikte heeft, plaats je het deksel op de stoofpot. Werk het stoofvlees af met een klein scheutje natuurazijn en roer alles om. Proef en voeg naar smaak nog wat peper van de molen toe en een snuifje zout."
        }
    }

}     */